text,label
Dinner at a new biryani place in Dhanmondi,restaurant
Lunch treat at Sultan's Dine for Rafi's birthday,restaurant
khabar khelam puran dhakay,restaurant
Kacchi and borhani for the squad,restaurant
burger and fries at a food court,fast_food
pizza slices near campus,fast_food
chicken fry from street shop,fast_food
ordered khichuri online for the flat,food_delivery
food delivery biriyani at night,food_delivery
pathao food order lunch,food_delivery
cha singara after class,cafe_snacks
coffee and cake at a cafe,cafe_snacks
fuchka chotpoti at the tong,cafe_snacks
monthly groceries rice dal oil,supermarket
shwapno bazar for the week,supermarket
toothpaste soap and detergent from super shop,supermarket
kacha bazar fish and vegetables,fresh_market
morning bazar from local market,fresh_market
uber to motijheel,ride_hailing
pathao bike ride to office,ride_hailing
cng bhara to mirpur 10,rickshaw_cng
rickshaw fare to the hall,rickshaw_cng
bus ticket dhaka to sylhet,bus_train
train ticket to chittagong,bus_train
octane for the car,fuel
petrol for the bike,fuel
hotel room for two nights in Cox's Bazar,accommodation
resort booking sreemangal,accommodation
boat ride at ratargul,tours_activities
tour guide fee bandarban,tours_activities
air ticket to saidpur,flights
domestic flight dhaka to jessore,flights
basha bhara october,rent
flat rent share for this month,rent
cleaning brushes and mop,household_supplies
gas cylinder burner pipe and light bulbs,household_supplies
bua salary for cleaning,home_services
plumber fixed the bathroom tap,home_services
current bill prepaid meter,electricity
biddut bill dpdc,electricity
titas gas bill,gas
wasa pani bill,water
wifi bill this month,internet
broadband package link3,internet
flexiload 100 taka,mobile_recharge
internet pack recharge robi,mobile_recharge
movie night tickets blockbuster,movies
cinema hall ticket new release,movies
playstation zone two hours,gaming
pc game top up,gaming
concert ticket at ICCB,events
fest entry fee for the club,events
netflix monthly,subscriptions
spotify family plan,subscriptions
class notes and pens,books_stationery
khata and marker for the project,books_stationery
photocopy of lecture slides,printing
print assignment pages,printing
semester exam fee,course_fees
ielts registration fee,course_fees
new panjabi for eid,clothing
jeans and t shirt from aarong,clothing
earphones from a gadget shop,electronics
phone charger and cable,electronics
birthday gift for Mithila,gifts
flowers and card for the farewell,gifts
paracetamol and saline from the pharmacy,pharmacy
medicine from lazz pharma,pharmacy
doctor visit and blood test,doctor
dentist checkup fee,doctor
